"RT @JCA_MN: Abby Levine, the Director of @JSJ_Roundtable, grounding JCA‚Äôs work in the national - even global - movement for Jewish Social J‚Ä¶"
RT @hannahafertig: I‚Äôm grateful every single day to be the Distributed Organizing Director with the team who pushes every known organizing‚Ä¶
"RT @aptlmetin: director of Kuyucak vocational high school assistant professor Dr. Emin K√∂m√ºrc√ºler, who has committed suicide by jumping off‚Ä¶"
RT @hannahafertig: I‚Äôm grateful every single day to be the Distributed Organizing Director with the team who pushes every known organizing‚Ä¶
RT @hannahafertig: I‚Äôm grateful every single day to be the Distributed Organizing Director with the team who pushes every known organizing‚Ä¶
"RT @telesurenglish: #Bolivia | The Movement Towards Socialism designated Evo Morales as its campaign director for the next elections.

#Gol‚Ä¶"
"RT @aptlmetin: director of Kuyucak vocational high school assistant professor Dr. Emin K√∂m√ºrc√ºler, who has committed suicide by jumping off‚Ä¶"
"RT @telesurenglish: #Bolivia | The Movement Towards Socialism designated Evo Morales as its campaign director for the next elections.

#Gol‚Ä¶"
"RT @aptlmetin: director of Kuyucak vocational high school assistant professor Dr. Emin K√∂m√ºrc√ºler, who has committed suicide by jumping off‚Ä¶"
"RT @pujanpatel_: Bernie is one of the only presidential candidates that cares about my voice, and the collective voice of the working class‚Ä¶"
"RT @TwoBroadsTalk: üó£Ô∏è Guest Announcement

Monday, December 9 on
Two Broads Talking Politics

JAMIA WILSON 
Feminist. Movement Builder. Stor‚Ä¶"
"RT @telesurenglish: #Bolivia | The Movement Towards Socialism designated Evo Morales as its campaign director for the next elections.

#Gol‚Ä¶"
"RT @aptlmetin: director of Kuyucak vocational high school assistant professor Dr. Emin K√∂m√ºrc√ºler, who has committed suicide by jumping off‚Ä¶"
"RT @telesurenglish: The Movement Towards Socialism designated Evo Morales as its campaign director for the next elections. 
https://t.co/9Y‚Ä¶"
"RT @telesurenglish: The Movement Towards Socialism designated Evo Morales as its campaign director for the next elections. 
https://t.co/9Y‚Ä¶"
@latimesent Media has always had toxic culture...explains why it still bans story that inspired metoo movement.America‚Äôs 1st award winning trans singer Bralalalala who prevailed at trials v Iron Man etc supervising art director for millions after attempt to sue her after rape https://t.co/KDRDJKRAVn
RT @hannahafertig: I‚Äôm grateful every single day to be the Distributed Organizing Director with the team who pushes every known organizing‚Ä¶
".@OurRevolution Executive Director Joseph Geevarghese: ‚ÄùWhen we organize locally, we can win nationally.‚Äù

Whether it‚Äôs the civil rights movement or the fight for 15, change always starts from the grassroots. https://t.co/OwQY4dt1ua"
"RT @YasmineTaeb: .@OurRevolution Executive Director Joseph Geevarghese: ‚ÄùWhen we organize locally, we can win nationally.‚Äù

Whether it‚Äôs th‚Ä¶"
"RT @telesurenglish: #Bolivia | The Movement Towards Socialism designated Evo Morales as its campaign director for the next elections.

#Gol‚Ä¶"
"RT @telesurenglish: The Movement Towards Socialism designated Evo Morales as its campaign director for the next elections. 
https://t.co/9Y‚Ä¶"
"RT @pujanpatel_: Bernie is one of the only presidential candidates that cares about my voice, and the collective voice of the working class‚Ä¶"
"RT @BernieSanders: ""When Bernie talks about this being a global crisis where we need to come together as one planet, this is what he means:‚Ä¶"
"RT @antonia_okafor: Director of Outreach @GunOwners 

Literally the perfect job for me. I am BLESSED!

I can't wait to show y'all what exci‚Ä¶"
"RT @pujanpatel_: Bernie is one of the only presidential candidates that cares about my voice, and the collective voice of the working class‚Ä¶"
"RT @telesurenglish: The Movement Towards Socialism designated Evo Morales as its campaign director for the next elections. 
https://t.co/9Y‚Ä¶"
"RT @telesurenglish: #Bolivia | The Movement Towards Socialism designated Evo Morales as its campaign director for the next elections.

#Gol‚Ä¶"
"RT @telesurenglish: At a national meeting that brought together hundreds of militants in Cochabamba, #Bolivia, the Movement Towards Sociali‚Ä¶"
"RT @telesurenglish: #Bolivia | The Movement Towards Socialism designated Evo Morales as its campaign director for the next elections.

#Gol‚Ä¶"
RT @hannahafertig: I‚Äôm grateful every single day to be the Distributed Organizing Director with the team who pushes every known organizing‚Ä¶
"RT @TwoBroadsTalk: üó£Ô∏è Guest Announcement

Monday, December 9 on
Two Broads Talking Politics

JAMIA WILSON 
Feminist. Movement Builder. Stor‚Ä¶"
"RT @TwoBroadsTalk: üó£Ô∏è Guest Announcement

Monday, December 9 on
Two Broads Talking Politics

JAMIA WILSON 
Feminist. Movement Builder. Stor‚Ä¶"
"RT @aptlmetin: director of Kuyucak vocational high school assistant professor Dr. Emin K√∂m√ºrc√ºler, who has committed suicide by jumping off‚Ä¶"
"RT @DeirdreFreiheit: Pls share widely. As Chair of the Board of Directors of @ATEH_OTT, I admit to being slightly biased, but I believe thi‚Ä¶"
"RT @telesurenglish: #Bolivia | The Movement Towards Socialism designated Evo Morales as its campaign director for the next elections.

#Gol‚Ä¶"
@thepxprogrammer @Steeper33 @peoplespca Not what the policy says but go ahead and use your buddies at the PM who‚Äôs marketing director runs the anti scheer movement.
RT @hannahafertig: I‚Äôm grateful every single day to be the Distributed Organizing Director with the team who pushes every known organizing‚Ä¶
"RT @pujanpatel_: Bernie is one of the only presidential candidates that cares about my voice, and the collective voice of the working class‚Ä¶"
"Happy Sunday, Ishmyil! From the Mother, Founder, and Director of Ishmyil. Our new principles for teens. If you haven't given attention to our 2020 recreation movement, Let me be the first to inform you. It's, Teens,‚Ä¶ https://t.co/nJYQYKypIO"
"RT @JCA_MN: Abby Levine, the Director of @JSJ_Roundtable, grounding JCA‚Äôs work in the national - even global - movement for Jewish Social J‚Ä¶"
"RT @aptlmetin: director of Kuyucak vocational high school assistant professor Dr. Emin K√∂m√ºrc√ºler, who has committed suicide by jumping off‚Ä¶"
RT @hannahafertig: I‚Äôm grateful every single day to be the Distributed Organizing Director with the team who pushes every known organizing‚Ä¶
"RT @TwoBroadsTalk: üó£Ô∏è Guest Announcement

Monday, December 9 on
Two Broads Talking Politics

JAMIA WILSON 
Feminist. Movement Builder. Stor‚Ä¶"
"RT @ThisIsZeroHour: Our founder &amp; co-exec Director @jamie_Margolin was recently named one of @bbc ‚Äòs #100women changing the world!‚Å£
‚Å£
This‚Ä¶"
"RT @RobletoFire: Sunrise Movement got their start thanks in part to Michael Dorsey, former Director of Sierra Club, who secured a $30,000 g‚Ä¶"
"RT @ThisIsZeroHour: Our founder &amp; co-exec Director @jamie_Margolin was recently named one of @bbc ‚Äòs #100women changing the world!‚Å£
‚Å£
This‚Ä¶"
"""This event shows that misinformation is not only threatening our democracy but our lives: The antivaxx movement has been ranked by WHO as one of its top 10 health-threats 2019."" KAS Director Christoph Grabitz @mediabitzz at the opening of Trusted Media Summit 2019 @healthaasia https://t.co/dXluvarJ30"
"RT @KASMediaAsia: ""This event shows that misinformation is not only threatening our democracy but our lives: The antivaxx movement has been‚Ä¶"
"RT @KASMediaAsia: ""This event shows that misinformation is not only threatening our democracy but our lives: The antivaxx movement has been‚Ä¶"
"RT @KASMediaAsia: ""This event shows that misinformation is not only threatening our democracy but our lives: The antivaxx movement has been‚Ä¶"
"Antivaxx is a national threat. It's time to make a new law &amp; punish them accordingly, @DrDzul."
"RT @pujanpatel_: Bernie is one of the only presidential candidates that cares about my voice, and the collective voice of the working class‚Ä¶"
@MistaAkash People attacking and harassing everyone under the sun over a superhero movie complete with a director and actors who for some reason are egging them on without any realization for how toxic the hashtag movement has become. 3/
"RT @telesurenglish: The Movement Towards Socialism designated Evo Morales as its campaign director for the next elections. 
https://t.co/9Y‚Ä¶"
"RT @telesurenglish: At a national meeting that brought together hundreds of militants in Cochabamba, #Bolivia, the Movement Towards Sociali‚Ä¶"
"RT @telesurenglish: #Bolivia | The Movement Towards Socialism designated Evo Morales as its campaign director for the next elections.

#Gol‚Ä¶"
"RT @pujanpatel_: Bernie is one of the only presidential candidates that cares about my voice, and the collective voice of the working class‚Ä¶"
"RT @BernieSanders: ""When Bernie talks about this being a global crisis where we need to come together as one planet, this is what he means:‚Ä¶"
"RT @adrizamri: Antivaxx is a national threat. It's time to make a new law &amp; punish them accordingly, @DrDzul. https://t.co/On66N3JavT"
"RT @YasmineTaeb: .@OurRevolution Executive Director Joseph Geevarghese: ‚ÄùWhen we organize locally, we can win nationally.‚Äù

Whether it‚Äôs th‚Ä¶"
"RT @JCA_MN: Abby Levine, the Director of @JSJ_Roundtable, grounding JCA‚Äôs work in the national - even global - movement for Jewish Social J‚Ä¶"
"Turning from sin?

As in stop  posting pinups and cleavage of @KaitMarieox, your media director?

You guys are the pornographers of the libertarian movement."
RT @hannahafertig: I‚Äôm grateful every single day to be the Distributed Organizing Director with the team who pushes every known organizing‚Ä¶
"RT @BernieSanders: ""When Bernie talks about this being a global crisis where we need to come together as one planet, this is what he means:‚Ä¶"
"RT @BernieSanders: ""When Bernie talks about this being a global crisis where we need to come together as one planet, this is what he means:‚Ä¶"
RT @GlblCtznImpact: We + @GlblCtznAfrica Director Chebet Chikumbu want to thank you all for taking action and joining the #Mandela100 journ‚Ä¶
"Wherein the Algemeiner pretends Trump's antisemitic statements about Jews wanting to keep their money never happened. Adam Milstein, who is the director of the Israeli-American Council, gave the Algemeiner $10,000 last year."
RT @JewishWorker: Wherein the Algemeiner pretends Trump's antisemitic statements about Jews wanting to keep their money never happened. Ada‚Ä¶
RT @JewishWorker: Wherein the Algemeiner pretends Trump's antisemitic statements about Jews wanting to keep their money never happened. Ada‚Ä¶
"LONDON World Transformation Movement Centre LAUNCHED!

Hear actor, writer, producer &amp; director Craig Conway explain why he wanted to open a WTM Centre in London‚Äîhttps://t.co/Y0umjUqZrT https://t.co/SE4yQPsbJB"
"RT @World_Transform: LONDON World Transformation Movement Centre LAUNCHED!

Hear actor, writer, producer &amp; director Craig Conway explain wh‚Ä¶"
"RT @World_Transform: LONDON World Transformation Movement Centre LAUNCHED!

Hear actor, writer, producer &amp; director Craig Conway explain wh‚Ä¶"
"RT @World_Transform: LONDON World Transformation Movement Centre LAUNCHED!

Hear actor, writer, producer &amp; director Craig Conway explain wh‚Ä¶"
RT @JewishWorker: Wherein the Algemeiner pretends Trump's antisemitic statements about Jews wanting to keep their money never happened. Ada‚Ä¶
"RT @World_Transform: LONDON World Transformation Movement Centre LAUNCHED!

Hear actor, writer, producer &amp; director Craig Conway explain wh‚Ä¶"
"@PhilanthropyGal Despite alleged metoo movement after Bralalalala prevailed for millions v the rapist supervising art director of Amazing Spider Man,media nevertheless still romanticizes the lives of couch casts to fame as is apparent with Emma Stone/Andrew Garfield among others. Bra knows facts. https://t.co/qmLw3W93ZO"
"We're hiring! Our new Director of Product Innovation will push the boundary of what technology can do to make a difference in our world. 

Let's reimagine money movement around the globe. 

Apply today - Atlanta HQ: https://t.co/R8WzcP66rp #ChooseATL #fintech #jobs https://t.co/Gp11aCHLyQ"
"RT @pujanpatel_: Bernie is one of the only presidential candidates that cares about my voice, and the collective voice of the working class‚Ä¶"
"RT @BernieSanders: ""When Bernie talks about this being a global crisis where we need to come together as one planet, this is what he means:‚Ä¶"
"RT @World_Transform: LONDON World Transformation Movement Centre LAUNCHED!

Hear actor, writer, producer &amp; director Craig Conway explain wh‚Ä¶"
"RT @YasmineTaeb: .@OurRevolution Executive Director Joseph Geevarghese: ‚ÄùWhen we organize locally, we can win nationally.‚Äù

Whether it‚Äôs th‚Ä¶"
"RT @telesurenglish: #Bolivia | The Movement Towards Socialism designated Evo Morales as its campaign director for the next elections.

#Gol‚Ä¶"
RT @hannahafertig: I‚Äôm grateful every single day to be the Distributed Organizing Director with the team who pushes every known organizing‚Ä¶
"RT @telesurenglish: The Movement Towards Socialism designated Evo Morales as its campaign director for the next elections. 
https://t.co/9Y‚Ä¶"
"#BornOnThisDay 
#JohnCassavetes 
(December 9, 1929 ‚Äì February 3, 1989) 
Film director, screenwriter and actor. Pioneer of the #independent film movement in the United States. https://t.co/tMasq2ZXvg"
RT @CVHaction: So excited to see @sochiesays lead @NYWFP into its next phase. Women of color leading the progressive movement ‚Äîyou love to‚Ä¶
"RT @telesurenglish: #Bolivia | The Movement Towards Socialism designated Evo Morales as its campaign director for the next elections.

#Gol‚Ä¶"
"Director @samuel_achema 
Song Produced By @qasebeatz 
Mixed &amp; Mastered By @hookupgeorgee40 

Audio Download Link On My Bio......Support The OBB Movement üôè Bless.
#obbmovement #obb #movement #oringo #big #boyz‚Ä¶ https://t.co/26yDomgaWo"
"RT BernieSanders: RT pujanpatel_: Bernie is one of the only presidential candidates that cares about my voice, and the collective voice of the working class. 

I‚Äôve been so blessed to be given this opportunity to be able to endorse the candidate that‚Äôs w‚Ä¶ https://t.co/jNsSqziAiz"
"RT @NYWIFT: .@FMCTraining and @abelcine will host Director of Photography Creative Conference Dec 6-8, interactive workshops and training o‚Ä¶"
"@jjholtland @volkskrant How in God's name can you call the theatre's #sexualharassment cover up as the government 'waiting for the right moment'. 

You've just trampled all over the #metoo movement @abouthungary @geertwilderspvv. 

https://t.co/w5eFxQQr67"
"RT @pujanpatel_: Bernie is one of the only presidential candidates that cares about my voice, and the collective voice of the working class‚Ä¶"
Cynical beyond belief @zoltanspox
Through the work of #JeremyGriffith and the team @World_Transform we can at last begin to bring a true sense of well being and rehabilitation to ourselves and our species as a whole and shed light on the darkness of our human condition. #actorslife #humancondition #wtmlondon
"RT @World_Transform: LONDON World Transformation Movement Centre LAUNCHED!

Hear actor, writer, producer &amp; director Craig Conway explain wh‚Ä¶"
"RT @World_Transform: LONDON World Transformation Movement Centre LAUNCHED!

Hear actor, writer, producer &amp; director Craig Conway explain wh‚Ä¶"
RT @reutebh: Valerie Beichner- Venture Outdoors Exeecutive Director https://t.co/e1Dx0LUjmY #movement #healthylifestyle #fitness #podcast #‚Ä¶
RT @thecraigconway: Through the work of #JeremyGriffith and the team @World_Transform we can at last begin to bring a true sense of well be‚Ä¶
"Hopeful.
I‚Äôve watched this Norway movement since 2017. Still so much more to be done to better support and care for people in mainstream Soteria Berne also such an example of support with care, compassion, reduced or medication free."
RT @CVHaction: So excited to see @sochiesays lead @NYWFP into its next phase. Women of color leading the progressive movement ‚Äîyou love to‚Ä¶
"To support trade and facilitates the movement of goods between the two countries.

The meeting was In the presence of Eng. Khalaf Khalaf, Director of standards Dept, Dr. Yousef Al-Saadi, Director of the conformity Affairs Dept, and Mr. Yahya Al Zeraihi, Director of ESMA DG Office"
RT @thecraigconway: Through the work of #JeremyGriffith and the team @World_Transform we can at last begin to bring a true sense of well be‚Ä¶
"RT @fukujang0627: Boss left this comment under my vero post back May of 2017, before he left the JL director chair, before this movement ev‚Ä¶"
"RT @pujanpatel_: Bernie is one of the only presidential candidates that cares about my voice, and the collective voice of the working class‚Ä¶"
"""The first thing we do is substantially enhance the soil's ability to manage water. We want to make sure we've done everything that we can to improve the structure of the soil, &amp; enhance water movement of water in the soil."" - Cliff Ramsier, director
#AgSpectrum #MaximumFarming https://t.co/T37kryKFNv"
"RT @pujanpatel_: Bernie is one of the only presidential candidates that cares about my voice, and the collective voice of the working class‚Ä¶"
Star Wars director J.J. Abrams admits that the LGBT movement has taken over the movies in a way you‚Äôd never expect https://t.co/1ajqmLT4Ec
"RT @BernieSanders: ""When Bernie talks about this being a global crisis where we need to come together as one planet, this is what he means:‚Ä¶"
Star Wars director J.J. Abrams admits that the LGBT movement has taken over the movies in a way you‚Äôd never expect https://t.co/lPmCQ4vlYM
And people wonder why I'm not excited about the upcoming Star Wars installment...
Star Wars director J.J. Abrams admits that the LGBT movement has taken over the movies in a way you‚Äôd never expect https://t.co/lPmCQ4vlYM
And people wonder why I'm not excited about the new upcoming Star Wars installment...
RT @Dvrsity646: And people wonder why I'm not excited about the new upcoming Star Wars installment... https://t.co/KqN1LXpJDX
"@TheAmirVera I can wrap up one story for you: 2 liars and a director, all with a financial motive, used the #metoo movement for their own gain, supported by Oprah and the mass media. MJ fans exposed their lies, case closed. Michael Jackson continues to be loved around the world. #MJInnocent https://t.co/nbT4X95z9x"
"GO SEE A MOVIE - GET AN LGBT MESSAGE FOR FREE! 

Star Wars director J.J. Abrams admits that the LGBT movement has taken over the movies in a way you‚Äôd never expect! 
Culture Watch News https://t.co/e5dDIDejn6"
"@larsga I've actually been watching the French production of the Maigret series. The details are astounding, the movement in the background. It might be more the director than the writer."
"Pleased to Announce that :

DANCING WHEELS  ( International Documentary Film)
| Brazil | 2019 | 13 min. | Language: Portuguese
Director and Produced by : #LuciaBarata #Cacha√ßaProductions
Cast : Group Dance in Movement
is Officially selected in prestigious #RIFF2020 at 
#Jaipur https://t.co/fSo2o4pq3c"
"RT @pujanpatel_: Bernie is one of the only presidential candidates that cares about my voice, and the collective voice of the working class‚Ä¶"
"RT @telesurenglish: At a national meeting that brought together hundreds of militants in Cochabamba, #Bolivia, the Movement Towards Sociali‚Ä¶"
"RT @alwaysjulyart: @TheAmirVera I can wrap up one story for you: 2 liars and a director, all with a financial motive, used the #metoo movem‚Ä¶"
"RT @altochulo: SUPERB choice‚Äîcongrats to @sochiesays and @WorkingFamilies!  Our movement‚Äôs future is bright indeed.

Also, deep appreciatio‚Ä¶"
"RT @BCMAmerica: The Black Conservative Movement is thrilled to announce our new National Communications Director! 

Be sure to congratulate‚Ä¶"
RT @MegaSeraph: Church Surulere Ayo ni o where he worship as a chorister before he moved to United States Of America. In US he also joined‚Ä¶
6 months of #HongKongProtests. Our interview with author and theatre director Pat To Yan about the current situation in #Hongkong. https://t.co/UNDsY5bBhx #StandWithHongKong #StandwithHK #FreeHongKong #FreeHK @germany_with_hk #HK #hkprotest
"Ohioans need #PaidLeave more than ever, and @OhioWPPN director @ErinnRyann emphasizes it must be used for medical leave and caregiving. In @OhioCapJounal, she says ‚ÄúAt some point, everybody in their life is going to need #paidfamilyleave.‚Äù #ohpol #Ohio  https://t.co/jLASFvBUbt"
"Ohioans need #PaidLeave more than ever, and 
@OhioWPPN Director @ErinnRyann emphasizes it must include personal medical leave &amp; caregiving. In @OhioCapJournal she says ‚ÄúAt some point, everybody in their life is going to need #paidfamilyleave.‚Äù #ohpol #Ohio https://t.co/jLASFvBUbt"
"@PauleyP I founded a movement called, ""No Forgotten Women."" We support elder orphans in senior facilities. There is a poor one in Neptune, NJ. I heard abt them last minute. I put together what I could. The activity director was thrilled w/what little I had. 1/2"
"RT @BosPartnerPeace: Come to the Festival of Rights, our #Chanukah party co-hosted with The @NewIsraelFund! It will feature Rula Daood, Co-‚Ä¶"
"RT @M_Berdayes: #BornOnThisDay 
#JohnCassavetes 
(December 9, 1929 ‚Äì February 3, 1989) 
Film director, screenwriter and actor. Pioneer of t‚Ä¶"
"RT @pujanpatel_: Bernie is one of the only presidential candidates that cares about my voice, and the collective voice of the working class‚Ä¶"
"RT @BernieSanders: ""When Bernie talks about this being a global crisis where we need to come together as one planet, this is what he means:‚Ä¶"
Star Wars director J.J. Abrams admits that the LGBT movement has taken over the movies in a way you‚Äôd never expect | Culture Watch News https://t.co/U3UCrkE8c8
"RT @BosPartnerPeace: Come to the Festival of Rights, our #Chanukah party co-hosted with The @NewIsraelFund! It will feature Rula Daood, Co-‚Ä¶"
"@SuryahSG Hey man! I didn't like how Titan ad was made. It had subtle insults to the sociopolitical movement that made me who I am today, while pandering to my vote. We will look over the director's family's fascist ideologies.
Are you calling me a cybercoolie? Or DMK's IT cell?"
"2019 has been a tremendous year of growth for @womeninGH. Please help find two great people to support the movement: a Deputy Director and a Director of Communications and Advocacy.
Find more info: https://t.co/OIImd5x0Fv Deadline: 11:59pm, Dec 13th. Please share widely. #jobs"
"RT @pujanpatel_: Bernie is one of the only presidential candidates that cares about my voice, and the collective voice of the working class‚Ä¶"
"RT @pujanpatel_: Bernie is one of the only presidential candidates that cares about my voice, and the collective voice of the working class‚Ä¶"
"RT @divesteddotorg: Divest Ed is hiring a new Director to help guide national escalation, reinvestment, and the future of the student dives‚Ä¶"
"RT @antonia_okafor: Director of Outreach @GunOwners 

Literally the perfect job for me. I am BLESSED!

I can't wait to show y'all what exci‚Ä¶"
RT @KatriBertram: 2019 has been a tremendous year of growth for @womeninGH. Please help find two great people to support the movement: a De‚Ä¶
"RT @esmaGOV: To support trade and facilitates the movement of goods between the two countries.

The meeting was In the presence of Eng. Kha‚Ä¶"
Great video @pujanpatel_
"RT @Penalosa_G: Listen. To make a city that works for everyone, the non-profit @880Cities  asks that we start with the perspective of an 8‚Ä¶"
"RT @ImKingGinger: Turning from sin?

As in stop  posting pinups and cleavage of @KaitMarieox, your media director?

You guys are the pornog‚Ä¶"
Star Wars director J.J. Abrams admits that the LGBT movement has taken over the movies in a way you‚Äôd never expect https://t.co/mt78EILzla
Star Wars director J.J. Abrams admits that the LGBT movement has taken over the movies in a way you‚Äôd never expect https://t.co/7utymIXkJe
"RT @pujanpatel_: Bernie is one of the only presidential candidates that cares about my voice, and the collective voice of the working class‚Ä¶"
"When @Sagebrush_Rebel Pendley states that federal law enforcement will recognize ‚Äúthat counties are a governmental-arm of sovereign states,‚Äù it‚Äôs a dog whistle to the #extremists of the #antipubliclands movement. https://t.co/xGKA2gxuKC"
Star Wars director J.J. Abrams admits that the LGBT movement has taken over the movies in a way you‚Äôd never expect https://t.co/9xEYCkhKNY
"RT @Penalosa_G: Listen. To make a city that works for everyone, the non-profit @880Cities  asks that we start with the perspective of an 8‚Ä¶"
"RT @BernieSanders: ""When Bernie talks about this being a global crisis where we need to come together as one planet, this is what he means:‚Ä¶"
"A Kind of People by Gurpreet Kaur Bhatti

Director: Michael Buffong
Designer: Anna Fleischle
Lighting Designer: Aideen Malone
Sound Designer: Emma Laxton
Movement Director: Vicki Igbokwe
Assistant Director: Philip Morris

Photos by Manuel Harlan

https://t.co/y539NL7Pvd https://t.co/TyrZQm1zLB"
!!! We're looking for a full-time Finance Director &amp; Field Director! https://t.co/FZeOS6rnJy
RT @team_mckayla: !!! We're looking for a full-time Finance Director &amp; Field Director! https://t.co/aMEvRCkl5F https://t.co/FZeOS6rnJy
RT @team_mckayla: !!! We're looking for a full-time Finance Director &amp; Field Director! https://t.co/aMEvRCkl5F https://t.co/FZeOS6rnJy
"A Kind of People by Gurpreet Kaur Bhatti

Director: Michael Buffong
Designer: Anna Fleischle
Lighting Designer: Aideen Malone
Sound Designer: Emma Laxton
Movement Director: Vicki Igbokwe
Assistant Director: Philip Morris

Photos by Manuel Harlan

See more: https://t.co/y539NL7Pvd https://t.co/lA26Sbkd6G"
RT @team_mckayla: !!! We're looking for a full-time Finance Director &amp; Field Director! https://t.co/aMEvRCkl5F https://t.co/FZeOS6rnJy
"RT @pujanpatel_: Bernie is one of the only presidential candidates that cares about my voice, and the collective voice of the working class‚Ä¶"
"RT @pujanpatel_: Bernie is one of the only presidential candidates that cares about my voice, and the collective voice of the working class‚Ä¶"
"RT @pujanpatel_: Bernie is one of the only presidential candidates that cares about my voice, and the collective voice of the working class‚Ä¶"
"RT @BernieSanders: ""When Bernie talks about this being a global crisis where we need to come together as one planet, this is what he means:‚Ä¶"
"RT @pujanpatel_: Bernie is one of the only presidential candidates that cares about my voice, and the collective voice of the working class‚Ä¶"
Performing Arts students pictured with theatre and movement director Shane Dempsey in a recent drama workshop facilitated by @MousetrapTP. Thank you to @shanedempsey for working with our students in this workshop. https://t.co/KZcfUNSGgy
"RT @pujanpatel_: Bernie is one of the only presidential candidates that cares about my voice, and the collective voice of the working class‚Ä¶"
"@praynDiane @MarkWarner @dancingdogblog Seriously, how many times of being fooled will it take for you idiots to realize your so-called movement is just a director's cut online movie version of Punk'd?"
"RT @aptlmetin: director of Kuyucak vocational high school assistant professor Dr. Emin K√∂m√ºrc√ºler, who has committed suicide by jumping off‚Ä¶"
"RT @drexelpubhealth: Dean @adiezroux, PhD, MPH, and @joeamon, PhD, director of Global Health, of Dornsife, reflect on @hhrjournal‚Äôs history‚Ä¶"
"RT @jamieloversOFC: #NEW // Jamie Dornan Interview for Revista Sarah 2019

‚Äúit's a new genre for me, there's a lot of music, dance and move‚Ä¶"
"RT @pujanpatel_: Bernie is one of the only presidential candidates that cares about my voice, and the collective voice of the working class‚Ä¶"
I have been chuckling all day because I bumped into an actor who reminded me that we started an r&amp;d for a forthcoming show with the best example of Belle √âpoque performance &amp; the creation of a can can - mixed genders and lush high kicks - this movement director loved it loved
"RT @StefanMolyneux: In September 2019, Freedomain Host Stefan Molyneux and ‚ÄúHoaxed‚Äù Director Jon du Toit traveled to Hong Kong to explore t‚Ä¶"
That director sounds pretty cool. Bet she‚Äôs a hoot
"RT @WomenforWomen: ""We should embrace our anger, channel it, &amp; fight on. True justice will be when every woman and girl can live free from‚Ä¶"
"RT @instagram: ‚ÄúMy vision for the future is a world where everyone has the same opportunities to achieve anything that they want to, no mat‚Ä¶"
"More exciting news! As our team continues to grow, we congratulate Darryl Carlson on his promotion to the role of No Better Friend‚Äôs Executive Director!  We‚Äôre thankful for Darryl‚Äôs continued leadership within the conservative movement and hard work across Wisconsin! https://t.co/xhTHiGFLSO"
"RT @NBFCorp: More exciting news! As our team continues to grow, we congratulate Darryl Carlson on his promotion to the role of No Better Fr‚Ä¶"
"RT @instagram: ‚ÄúMy vision for the future is a world where everyone has the same opportunities to achieve anything that they want to, no mat‚Ä¶"
